FrameID,Right,PalmX,PalmY,PalmZ,ThumbX,ThumbY,ThumbZ,IndexX,IndexY,IndexZ,MiddleX,MiddleY,MiddleZ,RingX,RingY,RingZ,PinkyX,PinkyY,PinkyZ
129762,False,-108.37863159179688,201.23965454101562,115.74512481689453,-56.32011413574219,152.64309692382812,85.47593688964844,-78.9715576171875,198.50535583496094,24.673925399780273,-113.21429443359375,215.26490783691406,18.071950912475586,-143.2159423828125,216.79403686523438,31.999652862548828,-162.0096435546875,211.10629272460938,58.21528244018555
129763,False,-108.50828552246094,202.21035766601562,115.76482391357422,-54.088783264160156,154.0199432373047,87.28245544433594,-78.35873413085938,199.16624450683594,24.959938049316406,-112.08365631103516,215.61398315429688,17.86481285095215,-142.1685333251953,217.45567321777344,31.344751358032227,-161.1618194580078,212.5413360595703,57.27346420288086
129764,False,-108.59170532226562,202.83493041992188,115.77749633789062,-52.49818801879883,154.92776489257812,88.52542114257812,-78.4381103515625,199.44522094726562,25.110427856445312,-111.44840240478516,215.35101318359375,17.738277435302734,-141.38739013671875,218.73861694335938,31.039901733398438,-160.231689453125,213.10037231445312,56.56674575805664
129765,False,-108.80535888671875,203.46510314941406,115.67991638183594,-51.0053825378418,155.7887725830078,89.80569458007812,-78.48369598388672,199.73577880859375,25.137439727783203,-110.85149383544922,216.015869140625,17.541107177734375,-140.56394958496094,219.62986755371094,30.4982967376709,-159.5180206298828,213.662353515625,55.73746109008789